product,rating,review_text
Wireless Earbuds,5,"Amazing sound quality and the battery lasts all day. Very happy!"
Wireless Earbuds,2,"Shipping took three weeks and the box was damaged when it arrived."
Wireless Earbuds,4,"Great fit and comfortable, but the case feels a little cheap."
Wireless Earbuds,1,"Stopped working after a week. Customer support never replied."
Wireless Earbuds,5,"Best earbuds I've owned. Noise cancellation is excellent."
Coffee Maker,3,"Makes decent coffee but the carafe drips when pouring."
Coffee Maker,5,"Love the programmable timer, wake up to fresh coffee every day."
Coffee Maker,2,"Started leaking from the base after a month of use."
Coffee Maker,4,"Easy to clean and good value for the price."
Coffee Maker,1,"Arrived broken and the return process was frustrating."
Backpack,5,"Super durable and so many pockets. Perfect for travel."
Backpack,3,"Looks great but the zippers feel flimsy."
Backpack,4,"Comfortable straps, held up well on a long hike."
Backpack,2,"The color faded quickly after a couple of washes."
Backpack,5,"Fits my laptop perfectly and the material is waterproof."
